{"yes": {"income": {"medium": 0.4444444444444444, "high": 0.2222222222222222, "low": 0.3333333333333333}, "student": {"yes": 0.6666666666666666, "no": 0.3333333333333333}, "credit_rating": {"excellent": 0.3333333333333333, "fair": 0.6666666666666666}}, "no": {"income": {"medium": 0.4, "high": 0.4, "low": 0.2}, "student": {"yes": 0.2, "no": 0.8}, "credit_rating": {"excellent": 0.6, "fair": 0.4}}}