{"no": {"age": {"youth": 0.6666666666666666, "senior": 0.5, "middle_age": 0.16666666666666666}, "income": {"medium": 0.4, "low": 0.2, "high": 0.4}, "student": {"no": 0.8, "yes": 0.2}, "credit_rating": {"fair": 0.4, "excellent": 0.6}}, "yes": {"age": {"youth": 0.2222222222222222, "senior": 0.3333333333333333, "middle_age": 0.4444444444444444}, "income": {"medium": 0.4444444444444444, "low": 0.3333333333333333, "high": 0.2222222222222222}, "student": {"no": 0.3333333333333333, "yes": 0.6666666666666666}, "credit_rating": {"fair": 0.6666666666666666, "excellent": 0.3333333333333333}}}