{"yes": {"age": {"youth": 0.2222222222222222, "senior": 0.3333333333333333, "middle_age": 0.4444444444444444}, "credit_rating": {"fair": 0.6666666666666666, "excellent": 0.3333333333333333}}, "no": {"age": {"youth": 0.6666666666666666, "senior": 0.5, "middle_age": 0.16666666666666666}, "credit_rating": {"fair": 0.4, "excellent": 0.6}}}