{"yes": {"age": {"senior": 0.3333333333333333, "youth": 0.16666666666666666, "middle_age": 0.5}, "income": {"medium": 0.3333333333333333, "low": 0.3333333333333333, "high": 0.3333333333333333}, "student": {"no": 0.3333333333333333, "yes": 0.6666666666666666}, "credit_rating": {"fair": 0.8333333333333334, "excellent": 0.16666666666666666}}, "no": {"age": {"senior": 0.6666666666666666, "youth": 0.3333333333333333, "middle_age": 0.3333333333333333}, "income": {"medium": 0.3333333333333333, "low": 0.3333333333333333, "high": 0.3333333333333333}, "student": {"no": 0.6666666666666666, "yes": 0.3333333333333333}, "credit_rating": {"fair": 0.3333333333333333, "excellent": 1.0}}}