{"-1": {"UsingIP": {"1": 0.6069021850112314, "-1": 0.3930978149887686}, "LongURL": {"1": 0.15009189299571166, "0": 0.01694915254237288, "-1": 0.8329589544619155}, "ShortURL": {"1": 0.8950377782315704, "-1": 0.10496222176842965}, "Symbol@": {"1": 0.829079027976312, "-1": 0.17092097202368797}, "Redirecting//": {"1": 0.8854400653461303, "-1": 0.11455993465386971}, "PrefixSuffix-": {"-1": 1.0, "1": 0.0002041649652919559}, "SubDomains": {"0": 0.45987339187257503, "-1": 0.3747192158464366, "1": 0.16540739228098836}, "HTTPS": {"1": 0.1431488666530529, "-1": 0.6228303042679192, "0": 0.23402082907902796}, "DomainRegLen": {"-1": 0.5491117010414539, "1": 0.45088829895854604}, "Favicon": {"1": 0.8143761486624463, "-1": 0.1856238513375536}, "NonStdPort": {"1": 0.8501123136614254, "-1": 0.14988768633857463}, "HTTPSDomainURL": {"-1": 0.14580355319583418, "1": 0.8541964468041658}, "RequestURL": {"1": 0.4537471921584644, "-1": 0.5462528078415356}, "AnchorURL": {"0": 0.306718399019808, "-1": 0.6626506024096386, "1": 0.0306309985705534}, "LinksInScriptTags": {"-1": 0.4874412905860731, "0": 0.35613641004696756, "1": 0.15642229936695937}, "ServerFormHandler": {"-1": 0.8652236062895651, "1": 0.081070042883398, "0": 0.05370635082703696}, "InfoEmail": {"1": 0.8100878088625689, "-1": 0.18991219113743107}, "AbnormalURL": {"1": 0.8768633857463753, "-1": 0.12313661425362467}, "WebsiteForwarding": {"0": 0.8770675924035124, "1": 0.12293240759648764}, "StatusBarCust": {"1": 0.8658362262609761, "-1": 0.13416377373902388}, "DisableRightClick": {"1": 0.95405350214417, "-1": 0.0459464978558301}, "UsingPopupWindow": {"1": 0.8066162956912395, "-1": 0.19338370430876048}, "IframeRedirection": {"1": 0.9095364508882989, "-1": 0.09046354911170104}, "AgeofDomain": {"-1": 0.5372677149275067, "1": 0.46273228507249337}, "DNSRecording": {"-1": 0.35062283030426794, "1": 0.6493771696957321}, "WebsiteTraffic": {"0": 0.35082703696140494, "1": 0.30773943230549317, "-1": 0.3414335307331019}, "PageRank": {"-1": 0.7931386563201961, "1": 0.20686134367980397}, "GoogleIndex": {"1": 0.81070042883398, "-1": 0.18929957116602}, "LinksPointingToPage": {"1": 0.3624668164182152, "0": 0.5981212987543394, "-1": 0.03941188482744538}, "StatsReport": {"1": 0.828874821319175, "-1": 0.171125178680825}}, "1": {"UsingIP": {"1": 0.6967679064479454, "-1": 0.30323209355205455}, "LongURL": {"1": 0.19879811596556765, "0": 0.00844567159330843, "-1": 0.7927562124411239}, "ShortURL": {"1": 0.8489524118889069, "-1": 0.15104758811109306}, "Symbol@": {"1": 0.867143089166802, "-1": 0.13285691083319798}, "Redirecting//": {"1": 0.859184667857723, "-1": 0.1408153321422771}, "PrefixSuffix-": {"-1": 0.762059444534676, "1": 0.23794055546532403}, "SubDomains": {"0": 0.22251096313139515, "-1": 0.24801039467273023, "1": 0.5294786421958746}, "HTTPS": {"1": 0.9144063667370472, "-1": 0.08218288127334741, "0": 0.0034107519896053274}, "DomainRegLen": {"-1": 0.7631963618645444, "1": 0.23680363813545557}, "Favicon": {"1": 0.8141952249472145, "-1": 0.18580477505278545}, "NonStdPort": {"1": 0.8752639272372909, "-1": 0.12473607276270911}, "HTTPSDomainURL": {"-1": 0.17557251908396945, "1": 0.8244274809160306}, "RequestURL": {"1": 0.704401494234205, "-1": 0.29559850576579505}, "AnchorURL": {"0": 0.6228682800064966, "-1": 0.00584700341075199, "1": 0.37128471658275136}, "LinksInScriptTags": {"-1": 0.2548318986519409, "0": 0.4393373396134481, "1": 0.305830761734611}, "ServerFormHandler": {"-1": 0.682475231443885, "1": 0.2366412213740458, "0": 0.0808835471820692}, "InfoEmail": {"1": 0.8241026473932109, "-1": 0.17589735260678901}, "AbnormalURL": {"1": 0.8335228195549781, "-1": 0.16647718044502194}, "WebsiteForwarding": {"0": 0.8900438525255806, "1": 0.10995614747441936}, "StatusBarCust": {"1": 0.8931297709923665, "-1": 0.10687022900763359}, "DisableRightClick": {"1": 0.9592333928861458, "-1": 0.04076660711385415}, "UsingPopupWindow": {"1": 0.8067240539223648, "-1": 0.1932759460776352}, "IframeRedirection": {"1": 0.9075848627578366, "-1": 0.0924151372421634}, "AgeofDomain": {"-1": 0.41529965892480103, "1": 0.584700341075199}, "DNSRecording": {"-1": 0.2801689134318662, "1": 0.7198310865681339}, "WebsiteTraffic": {"0": 0.13821666395972065, "1": 0.7022900763358778, "-1": 0.1594932597044015}, "PageRank": {"-1": 0.7009907422445997, "1": 0.2990092577554004}, "GoogleIndex": {"1": 0.9006009420172162, "-1": 0.09939905798278383}, "LinksPointingToPage": {"1": 0.41822316063017706, "0": 0.524118889069352, "-1": 0.05765795030047101}, "StatsReport": {"1": 0.8845216826376482, "-1": 0.1154783173623518}}}