{"0": {"Sex": {"male": 0.7663934426229508, "female": 0.2336065573770492}, "Siblings/Spouses Aboard": {"1": 0.30327868852459017, "0": 0.5860655737704918, "3": 0.028688524590163935, "4": 0.020491803278688523, "2": 0.045081967213114756, "5": 0.00819672131147541, "8": 0.00819672131147541}, "Fare": {"7.25": 0.012244897959183673, "71.2833": 0.004081632653061225, "7.925": 0.02040816326530612, "53.1": 0.00816326530612245, "8.05": 0.012244897959183673, "8.4583": 0.00816326530612245, "51.8625": 0.00816326530612245, "21.075": 0.0163265306122449, "11.1333": 0.004081632653061225, "30.0708": 0.00816326530612245, "16.7": 0.004081632653061225, "26.55": 0.00816326530612245, "31.275": 0.02040816326530612, "7.8542": 0.0163265306122449, "16.0": 0.004081632653061225, "29.125": 0.012244897959183673, "13.0": 0.012244897959183673, "18.0": 0.0163265306122449, "7.225": 0.00816326530612245, "26.0": 0.0163265306122449, "8.0292": 0.004081632653061225, "35.5": 0.00816326530612245, "31.3875": 0.00816326530612245, "263.0": 0.012244897959183673, "7.8792": 0.004081632653061225, "7.8958": 0.012244897959183673, "27.7208": 0.012244897959183673, "146.5208": 0.004081632653061225, "7.75": 0.0163265306122449, "10.5": 0.012244897959183673, "82.1708": 0.00816326530612245, "52.0": 0.012244897959183673, "7.2292": 0.012244897959183673, "11.2417": 0.004081632653061225, "9.475": 0.00816326530612245, "21.0": 0.012244897959183673, "41.5792": 0.00816326530612245, "15.5": 0.012244897959183673, "21.6792": 0.00816326530612245, "17.8": 0.012244897959183673, "39.6875": 0.012244897959183673, "7.8": 0.00816326530612245, "76.7292": 0.004081632653061225, "61.9792": 0.00816326530612245, "27.75": 0.012244897959183673, "46.9": 0.0163265306122449, "80.0": 0.004081632653061225, "83.475": 0.00816326530612245, "27.9": 0.02040816326530612, "15.2458": 0.012244897959183673, "8.1583": 0.00816326530612245, "8.6625": 0.0163265306122449, "73.5": 0.012244897959183673, "14.4542": 0.0163265306122449, "56.4958": 0.00816326530612245, "7.65": 0.00816326530612245, "29.0": 0.004081632653061225, "12.475": 0.004081632653061225, "9.0": 0.00816326530612245, "9.5": 0.00816326530612245, "7.7875": 0.004081632653061225, "47.1": 0.00816326530612245, "15.85": 0.00816326530612245, "34.375": 0.0163265306122449, "61.175": 0.00816326530612245, "20.575": 0.00816326530612245, "34.6542": 0.00816326530612245, "63.3583": 0.004081632653061225, "23.0": 0.004081632653061225, "77.2875": 0.00816326530612245, "8.6542": 0.00816326530612245, "7.775": 0.0163265306122449, "24.15": 0.024489795918367346, "9.825": 0.00816326530612245, "14.4583": 0.0163265306122449, "247.5208": 0.00816326530612245, "7.1417": 0.004081632653061225, "22.3583": 0.004081632653061225, "6.975": 0.00816326530612245, "7.05": 0.00816326530612245, "14.5": 0.012244897959183673, "15.0458": 0.00816326530612245, "26.2833": 0.004081632653061225, "9.2167": 0.00816326530612245, "79.2": 0.00816326530612245, "6.75": 0.012244897959183673, "11.5": 0.0163265306122449, "36.75": 0.00816326530612245, "7.7958": 0.00816326530612245, "12.525": 0.00816326530612245, "66.6": 0.00816326530612245, "7.3125": 0.00816326530612245, "61.3792": 0.00816326530612245, "7.7333": 0.00816326530612245, "69.55": 0.012244897959183673, "16.1": 0.0163265306122449, "15.75": 0.004081632653061225, "20.525": 0.00816326530612245, "55.0": 0.004081632653061225, "25.925": 0.00816326530612245, "33.5": 0.00816326530612245, "30.6958": 0.00816326530612245, "25.4667": 0.012244897959183673, "28.7125": 0.00816326530612245, "0.0": 0.00816326530612245, "15.05": 0.00816326530612245, "39.0": 0.00816326530612245, "22.025": 0.004081632653061225, "50.0": 0.00816326530612245, "8.4042": 0.00816326530612245, "6.4958": 0.012244897959183673, "10.4625": 0.012244897959183673, "18.7875": 0.00816326530612245, "31.0": 0.00816326530612245, "113.275": 0.00816326530612245, "27.0": 0.00816326530612245, "76.2917": 0.004081632653061225, "90.0": 0.00816326530612245, "9.35": 0.00816326530612245, "13.5": 0.00816326530612245, "7.55": 0.012244897959183673, "26.25": 0.00816326530612245, "12.275": 0.00816326530612245, "7.125": 0.00816326530612245, "52.5542": 0.004081632653061225, "20.2125": 0.012244897959183673, "86.5": 0.004081632653061225, "512.3292": 0.004081632653061225, "79.65": 0.00816326530612245, "153.4625": 0.00816326530612245, "135.6333": 0.00816326530612245, "19.5": 0.004081632653061225, "29.7": 0.00816326530612245, "77.9583": 0.004081632653061225, "20.25": 0.00816326530612245, "78.85": 0.00816326530612245, "91.0792": 0.004081632653061225, "12.875": 0.00816326530612245, "8.85": 0.00816326530612245, "151.55": 0.00816326530612245, "30.5": 0.00816326530612245, "23.25": 0.004081632653061225, "12.35": 0.00816326530612245, "110.8833": 0.00816326530612245, "108.9": 0.00816326530612245, "24.0": 0.00816326530612245, "56.9292": 0.004081632653061225, "83.1583": 0.004081632653061225, "262.375": 0.004081632653061225, "14.0": 0.00816326530612245, "164.8667": 0.004081632653061225, "134.5": 0.004081632653061225, "6.2375": 0.00816326530612245, "57.9792": 0.004081632653061225, "28.5": 0.00816326530612245, "133.65": 0.004081632653061225, "15.9": 0.004081632653061225, "9.225": 0.00816326530612245, "35.0": 0.00816326530612245, "75.25": 0.004081632653061225, "69.3": 0.004081632653061225, "55.4417": 0.004081632653061225, "211.5": 0.00816326530612245, "4.0125": 0.00816326530612245, "227.525": 0.00816326530612245, "15.7417": 0.004081632653061225, "7.7292": 0.00816326530612245, "12.0": 0.004081632653061225, "120.0": 0.004081632653061225, "12.65": 0.004081632653061225, "18.75": 0.004081632653061225, "6.8583": 0.00816326530612245, "32.5": 0.004081632653061225, "7.875": 0.00816326530612245, "14.4": 0.012244897959183673, "55.9": 0.00816326530612245, "8.1125": 0.004081632653061225, "81.8583": 0.004081632653061225, "19.2583": 0.004081632653061225, "19.9667": 0.00816326530612245, "89.1042": 0.004081632653061225, "38.5": 0.00816326530612245, "7.725": 0.00816326530612245, "13.7917": 0.004081632653061225, "9.8375": 0.00816326530612245, "7.0458": 0.00816326530612245, "7.5208": 0.00816326530612245, "12.2875": 0.004081632653061225, "9.5875": 0.00816326530612245, "49.5042": 0.00816326530612245, "78.2667": 0.004081632653061225, "15.1": 0.00816326530612245, "7.6292": 0.00816326530612245, "22.525": 0.00816326530612245, "26.2875": 0.004081632653061225, "59.4": 0.004081632653061225, "7.4958": 0.00816326530612245, "34.0208": 0.00816326530612245, "93.5": 0.004081632653061225, "221.7792": 0.00816326530612245, "106.425": 0.00816326530612245, "49.5": 0.004081632653061225, "71.0": 0.00816326530612245, "13.8625": 0.004081632653061225, "7.8292": 0.00816326530612245, "39.6": 0.00816326530612245, "17.4": 0.004081632653061225, "51.4792": 0.004081632653061225, "26.3875": 0.004081632653061225, "30.0": 0.00816326530612245, "40.125": 0.00816326530612245, "8.7125": 0.00816326530612245, "15.0": 0.00816326530612245, "33.0": 0.00816326530612245, "42.4": 0.00816326530612245, "15.55": 0.00816326530612245, "65.0": 0.004081632653061225, "32.3208": 0.00816326530612245, "7.0542": 0.012244897959183673, "8.4333": 0.00816326530612245, "25.5875": 0.00816326530612245, "9.8417": 0.004081632653061225, "8.1375": 0.00816326530612245, "10.1708": 0.00816326530612245, "211.3375": 0.004081632653061225, "57.0": 0.004081632653061225, "13.4167": 0.004081632653061225, "7.7417": 0.00816326530612245, "9.4833": 0.00816326530612245, "7.7375": 0.00816326530612245, "8.3625": 0.00816326530612245, "23.45": 0.012244897959183673, "25.9292": 0.004081632653061225, "8.6833": 0.004081632653061225, "8.5167": 0.004081632653061225, "7.8875": 0.00816326530612245, "37.0042": 0.00816326530612245, "6.45": 0.00816326530612245, "6.95": 0.00816326530612245, "8.3": 0.00816326530612245, "6.4375": 0.00816326530612245, "39.4": 0.004081632653061225, "14.1083": 0.00816326530612245, "13.8583": 0.004081632653061225, "50.4958": 0.00816326530612245, "5.0": 0.00816326530612245, "9.8458": 0.00816326530612245, "10.5167": 0.00816326530612245}},