{"yes": {"age": {"senior": 0.3333333333333333, "youth": 0.2222222222222222, "middle_age": 0.4444444444444444}, "income": {"medium": 0.4444444444444444, "low": 0.3333333333333333, "high": 0.2222222222222222}, "student": {"yes": 0.6666666666666666, "no": 0.3333333333333333}, "credit_rating": {"fair": 0.6666666666666666, "excellent": 0.3333333333333333}}, "no": {"age": {"senior": 0.5, "youth": 0.6666666666666666, "middle_age": 0.16666666666666666}, "income": {"medium": 0.4, "low": 0.2, "high": 0.4}, "student": {"yes": 0.2, "no": 0.8}, "credit_rating": {"fair": 0.4, "excellent": 0.6}}}