{"no": {"age": {"senior": 0.5, "youth": 0.6666666666666666, "middle_age": 0.16666666666666666}, "credit_rating": {"excellent": 0.6, "fair": 0.4}}, "yes": {"age": {"senior": 0.3333333333333333, "youth": 0.2222222222222222, "middle_age": 0.4444444444444444}, "credit_rating": {"excellent": 0.3333333333333333, "fair": 0.6666666666666666}}}