{"no": {"age": {"youth": 0.75, "senior": 0.5, "middle_age": 0.25}, "income": {"high": 0.75, "low": 0.25, "medium": 0.5}, "student": {"no": 1.0, "yes": 0.25}, "credit_rating": {"fair": 0.3333333333333333, "excellent": 0.6666666666666666}}, "yes": {"age": {"youth": 0.16666666666666666, "senior": 0.3333333333333333, "middle_age": 0.5}, "income": {"high": 0.3333333333333333, "low": 0.16666666666666666, "medium": 0.5}, "student": {"no": 0.5, "yes": 0.5}, "credit_rating": {"fair": 0.6666666666666666, "excellent": 0.3333333333333333}}}