{"-1": {"UsingIP": 0.6065431383902722, "LongURL": 0.01766068326577881, "ShortURL": 0.10480602200347423, "Symbol@": 0.1745801968731905, "Redirecting//": 0.11638679791546033, "PrefixSuffix-": 0.0002894356005788712, "SubDomains": 0.4620729588882455, "HTTPS": 0.6314418066010423, "DomainRegLen": 0.45628257093225244, "Favicon": 0.18413433700057905, "NonStdPort": 0.14881297046902142, "HTTPSDomainURL": 0.1470758540822235, "RequestURL": 0.4554140127388535, "AnchorURL": 0.3022582513028373, "LinksInScriptTags": 0.1569195136074117, "ServerFormHandler": 0.0836711059640996, "InfoEmail": 0.18760856977417487, "AbnormalURL": 0.12680949623624782, "WebsiteForwarding": 0.12159814707585408, "StatusBarCust": 0.13462651997683844, "DisableRightClick": 0.0451650260567458, "UsingPopupWindow": 0.19166184134337, "IframeRedirection": 0.09148812970469021, "AgeofDomain": 0.5422698320787492, "DNSRecording": 0.35524030110017374, "WebsiteTraffic": 0.3071800810654314, "PageRank": 0.2032426172553561, "GoogleIndex": 0.18905616676317313, "LinksPointingToPage": 0.038795599305153444, "StatsReport": 0.1690793283149971}, "1": {"UsingIP": 0.6997431706747607, "LongURL": 0.00817184216670558, "ShortURL": 0.15012841466261967, "Symbol@": 0.13051599346252626, "Redirecting//": 0.14055568526733597, "PrefixSuffix-": 0.23067943030586038, "SubDomains": 0.22344151295820686, "HTTPS": 0.08265234648610786, "DomainRegLen": 0.23184683632967545, "Favicon": 0.18071445248657483, "NonStdPort": 0.11930889563390147, "HTTPSDomainURL": 0.17557786598178846, "RequestURL": 0.7048797571795471, "AnchorURL": 0.6224608918982022, "LinksInScriptTags": 0.31309829558720526, "ServerFormHandler": 0.22997898669157132, "InfoEmail": 0.16997431706747607, "AbnormalURL": 0.16670558020079385, "WebsiteForwarding": 0.11020312864814383, "StatusBarCust": 0.10506654214335746, "DisableRightClick": 0.0394583236049498, "UsingPopupWindow": 0.18771888862946534, "IframeRedirection": 0.08802241419565725, "AgeofDomain": 0.41583002568293254, "DNSRecording": 0.2806444081251459, "WebsiteTraffic": 0.6995096894699977, "PageRank": 0.29208498715853376, "GoogleIndex": 0.09736166238617791, "LinksPointingToPage": 0.055568526733597946, "StatsReport": 0.11463927153864113}}